<?xml version="1.0" encoding="UTF-8"?>
<GenRun Id="data_buf_synth_1" LaunchPart="xc7a35tcsg324-1" LaunchTime="1595823556">
  <File Type="PA-TCL" Name="data_buf.tcl"/>
  <File Type="RDS-PROPCONSTRS" Name="data_buf_drc_synth.rpt"/>
  <File Type="REPORTS-TCL" Name="data_buf_reports.tcl"/>
  <File Type="RDS-RDS" Name="data_buf.vds"/>
  <File Type="RDS-UTIL" Name="data_buf_utilization_synth.rpt"/>
  <File Type="RDS-UTIL-PB" Name="data_buf_utilization_synth.pb"/>
  <File Type="RDS-DCP" Name="data_buf.dcp"/>
  <File Type="VDS-TIMINGSUMMARY" Name="data_buf_timing_summary_synth.rpt"/>
  <File Type="VDS-TIMING-PB" Name="data_buf_timing_summary_synth.pb"/>
  <FileSet Name="sources" Type="BlockSrcs" RelSrcDir="$PSRCDIR/data_buf">
    <File Path="$PSRCDIR/sources_1/ip/data_buf/data_buf.xci">
      <FileInfo>
        <Attr Name="UsedIn" Val="synthesis"/>
        <Attr Name="UsedIn" Val="implementation"/>
        <Attr Name="UsedIn" Val="simulation"/>
      </FileInfo>
    </File>
    <Config>
      <Option Name="TopModule" Val="data_buf"/>
      <Option Name="UseBlackboxStub" Val="1"/>
    </Config>
  </FileSet>
  <FileSet Name="constrs_in" Type="BlockSrcs" RelSrcDir="$PSRCDIR/data_buf">
    <File Path="$PSRCDIR/sources_1/ip/data_buf/data_buf.xci">
      <FileInfo>
        <Attr Name="UsedIn" Val="synthesis"/>
        <Attr Name="UsedIn" Val="implementation"/>
        <Attr Name="UsedIn" Val="simulation"/>
      </FileInfo>
    </File>
    <Config>
      <Option Name="TopModule" Val="data_buf"/>
      <Option Name="UseBlackboxStub" Val="1"/>
    </Config>
  </FileSet>
  <FileSet Name="utils" Type="Utils" RelSrcDir="$PSRCDIR/utils_1">
    <Filter Type="Utils"/>
    <Config>
      <Option Name="TopAutoSet" Val="TRUE"/>
    </Config>
  </FileSet>
  <Strategy Version="1" Minor="2">
    <StratHandle Name="Vivado Synthesis Defaults" Flow="Vivado Synthesis 2018">
      <Desc>Vivado Synthesis Defaults</Desc>
    </StratHandle>
    <Step Id="synth_design"/>
  </Strategy>
</GenRun>
